{
 "mdsDat": {
 "x": [ 0.02682571, 0.03884579, -0.03754806, -0.06030691, 0.03218347 ],
"y": [ 0.06256227, -0.01677693, -0.04132078, 0.02632052, -0.03078509 ],
"topics": [ 1, 2, 3, 4, 5 ],
"Freq": [ 24.95975, 24.88473, 17.59098, 16.44706, 16.11748 ],
"cluster": [        1,        1,        1,        1,        1 ] 
},
"tinfo": {
 "Term": [ "talker", "phonetic", "–", "korean", "convergence", "vot", "task", "may", "language", "speaker", "contrast", "test", "speakers", "mandarin", "perception", "change", "effect", "factors", "hunchun", "evidence", "similar", "new", "across", "effects", "degree", "american", "experiment", "time", "two", "found", "propos", "phyengan", "language”", "towards", "byproduct", "delayed", "indepth", "individualdifference", "measurable", "commonalities", "london兲", "someone", "“sources", "goodman", "psyscope", "kendall", "steep", "“leader”", "shortterm", "fifth", "nicholls", "burn", "c’ikae", "sonant", "southern", "gwyneth", "kang", "wwwelseviercomlocatephonetics", "wearing", "languager", "audible", "production”", "forcedchoice", "designing", "tor’s", "remarkably", "lwrl", "department", "recency", "selfregulation", "prt", "nj兲", "correspondingly", "corded", "共received", "item", "eaten", "stretches", "compromised", "sony", "association", "multitude", "percentage", "concious", "opinion", "sramko", "hypothetical", "explore", "enfchf", "coincided", "referred", "occasions", "cor", "generation", "neuropsychology", "fish", "sky", "있어요", "inc兲", "maximizing", "automa", "nonsense", "appar", "perienced", "avoid", "companion’s", "orghttpsdoiorgdev", "speculate", "duction", "gap", "“lar”", "scales", "selections", "—likely", "item兲", "summa", "permits", "grant", "skehan", "색이", "wordlevel", "티", "뒷", "selecting", "‘frontal", "handanweisung", "suggestion", "discriminate", "mature", "proximity", "dia", "resulted", "credit", "httpdoiorgscienc", "follows", "pancake’", "reflection", "pursued", "masters", "givers", "structured", "adult", "collapsing", "achieve", "共blocked", "offer", "krahmer", "differentl", "hunchun", "expectations", "rounds", "palatalization", "splash", "quichuaspanish", "patients", "ratersperceivers", "firstsemester", "phenomenon”", "decreased", "also—somewhat", "“peppers”", "caramazza", "httpsgithubcomheliosdrmphia", "el–el", "secondlanguage", "왼쪽에", "blackwell", "exclusively", "gradually", "대한", "pumpkin", "trouvain", "emerge", "obs", "rachel", "light", "troughs", "—", "back", "surface", "talker", "tion", "explicitly", "initial", "groceries", "zealand", "usa", "social", "separate", "test", "canadian", "following", "verge", "enm", "predictions", "unconsciously", "intermediate", "speaker", "phonological", "consonantal", "impact", "study", "participant", "thank", "canada", "identified", "individual", "determine", "cognit", "effects", "role", "improvement", "individuals", "vowel", "dimensions", "nativenonnative", "total", "sameldifferentdialect", "vot", "tests", "acoustic", "target", "listeners", "found", "stimuli", "language", "compared", "difference", "talkers", "phrases", "taken", "differ", "may", "heard", "phonetic", "effect", "figure", "dandong", "miller", "duration", "–", "older", "perception", "american", "speaker", "english", "one", "late", "crosslanguage", "convergence", "psychol", "use", "respect", "location", "characteristics", "contrast", "factors", "journal", "table", "targets", "map", "less", "studies", "phonetic", "presented", "bilingualism", "兲", "task", "evidence", "elicitation", "children", "factors", "categories", "degree", "based", "list", "mandarin", "accent", "psychological", "exposure", "showed", "used", "tokens", "participants", "languages", "pardo", "imitation", "possible", "mandarin", "settings", "evidence", "korean", "pair", "korean", "across", "change", "task", "groups", "although", "terms", "data", "–", "degree", "longer", "across", "conversations", "american", "longer", "adults", "lang", "two", "contrast", "talker", "korean", "current", "vot", "university", "articulation", "time", "age", "series", "speakers", "language", "two", "speech", "accent", "speech", "discrimination", "convergence", "memory", "change", "productions", "new", "speakers", "native", "significant", "model", "learning", "doi", "dialect", "dialect", "time", "speakers", "interaction", "vowel", "native", "languages", "convergence", "talent", "similar", "japanese", "japanese", "test", "共兲", "new", "words", "new", "also", "words", "current", "similar", "models", "–", "imitation", "however", "participants", "model", "talkers", "model", "two", "category", "nonnative", "–", "experiment", "may", "japanese", "english", "similar", "category", "production", "category", "english", "age", "also", "convergence", "within", "phonetic", "see", "experiment", "speech", "model", "speech", "speech", "may", "english", "also", "series", "phonetic", "time", "task", "differences", "differences", "can", "effect", "language", "talkers", "language", "nonnative", "perceptual", "perception", "production", "pairs", "native", "perception", "also", "study", "different", "language", "vot", "japanese", "production", "differences" ],
"logprob": [       30,       29,       28,       27,       26,       25,       24,       23,       22,       21,       20,       19,       18,       17,       16,       15,       14,       13,       12,       11,       10,        9,        8,        7,        6,        5,        4,        3,        2,        1,  -9.8686,  -9.8991,  -9.9148,  -6.9249,  -9.9252,  -7.0912,  -9.9371,  -9.9367,  -9.2737,  -9.9698,  -9.9796,  -8.8804,  -9.9859,  -9.9934,  -9.3136,  -8.6201,  -8.3993, -10.0123,  -8.6377, -10.0258,  -9.3373, -10.0361, -10.0347, -10.0473,  -7.7451, -10.0491,  -7.2839, -10.0633,  -7.8575,  -9.3776,  -9.0972,  -9.2378,  -8.8567,  -9.2687,  -9.9688,  -9.9806,  -6.8144,  -7.6034,  -9.3047,  -10.006, -10.0035,  -8.9158, -10.0312,  -9.3627, -10.0549,  -6.0504,  -9.3639,  -8.2671, -10.0587, -10.0707,  -8.1175, -10.0681,  -8.4591, -10.0852,  -9.3901, -10.0823, -10.0887,  -8.2862,  -9.3975,  -9.3965,  -7.3697,  -8.9822,  -7.9681,  -6.8664,  -9.7595,  -9.0731,  -8.1565,    -7.98,  -9.7765,  -9.7851,  -9.8047,  -9.8275,  -9.8302,  -9.8447,  -8.2379,  -9.8478,  -9.8476,  -8.7552,  -8.0542,  -9.8445,  -9.8641,   -7.919,  -9.8599,  -9.8815,  -9.2111,  -9.9109,  -9.8959,  -7.9622,  -8.8132,  -9.9162,  -8.8039,   -8.871,  -9.6041,  -8.2861,  -9.6789,  -9.7006,  -8.3072,  -7.7904,  -8.6651,  -9.7779,  -9.7825,   -8.006,  -7.6204,  -9.8232,  -8.4343,   -9.836,  -9.8281,  -9.8327,   -9.845,  -7.2815,  -8.7628,  -6.1555,  -9.8641,  -8.2719,  -9.8943,  -9.2008,  -9.9046,  -7.1911,   -5.402,  -8.5274,  -8.0047,  -8.4445,  -9.6152,  -9.6178,  -9.6748,  -9.6968,  -9.7289,  -9.7654,  -7.9719,  -9.7709,  -9.0841,  -9.0902,  -9.7936,  -9.1112,  -9.1326,   -9.828,  -8.2277,  -9.1363,  -8.7293,   -9.834,  -9.8382,  -9.8426,    -9.15,  -9.8516,  -8.0742,  -7.5663,  -8.7676,  -7.7962,  -7.2386,  -7.6722,  -4.1212,  -6.0497,  -8.4816,  -6.8705,  -8.4963,  -8.8226,  -7.7127,   -5.063,  -6.5146,   -5.093,  -6.3925,   -6.671,  -8.7229,  -6.7514,   -6.661,   -8.496,  -6.9414,  -5.4617,  -6.0177,  -8.7851,  -7.1064,  -4.7756,  -6.6266,     -8.2,  -7.6087,  -6.9351,  -5.7089,  -6.8208,  -8.1288,  -5.3007,  -5.8526,  -7.3778,  -7.6185,   -5.454,  -6.1721,  -6.8586,  -6.8733,  -7.5583,  -4.9856,  -5.7154,  -6.0219,  -6.3915,  -5.4335,    -5.46,  -5.8041,  -4.2255,  -6.3854,  -5.9326,  -4.6715,  -7.1408,  -7.1263,  -6.5316,  -5.0579,  -6.4082,  -3.7953,  -5.3058,  -5.8185,  -5.7646,  -6.8336,  -5.9815,  -3.8891,  -5.9435,   -4.823,   -5.536,   -5.597,  -4.4907,   -5.265,  -6.1486,  -5.8115,  -4.1404,   -6.505,  -5.9289,  -7.3036,  -6.9744,  -6.5538,  -5.3375,  -5.5921,  -5.5767,  -5.6911,  -7.4417,    -6.13,  -5.9545,  -5.9573,  -4.1146,   -6.528,  -6.9058,  -6.2769,  -5.0561,  -5.8271,  -7.9377,  -5.7603,   -5.463,  -5.7369,   -5.769,  -5.9365,  -6.7986,  -5.0208,  -5.6475,  -6.6085,  -6.2868,  -5.7457,  -5.5843,  -6.1117,  -5.2037,  -5.7427,  -5.6331,  -5.2432,  -6.0052,  -4.9624,  -6.9894,  -5.8521,  -4.8228,  -5.8489,   -4.844,  -5.3481,  -5.4893,  -5.0655,  -5.7629,  -6.0215,  -6.4736,  -5.7872,  -4.2751,  -5.8644,  -6.4889,  -5.2759,  -5.7647,  -5.7466,  -6.4242,  -5.7983,  -6.4296,  -4.9935,  -5.6052,   -4.747,  -4.8367,  -5.9378,  -5.1414,  -5.8751,  -5.9408,  -5.1915,  -5.3739,  -5.6167,  -5.0826,  -4.4972,   -5.003,   -4.705,  -5.7095,  -4.5914,  -5.7439,  -4.4156,  -6.3679,  -5.6102,  -6.3485,  -5.6358,  -5.1056,  -5.2858,   -5.751,  -4.9999,   -5.834,  -5.9085,  -5.5586,  -5.6756,  -5.3511,  -5.1249,  -5.5938,  -5.7056,  -5.2761,  -5.8512,   -4.586,  -5.7649,  -5.6073,  -5.2449,  -5.2602,  -5.5384,  -5.9928,  -5.6878,  -5.6111,  -5.6403,  -5.3521,   -5.571,  -6.0312,  -5.6835,  -5.7323,  -4.6057,  -5.4064,  -5.7251,  -5.5372,  -5.1101,  -5.1434,  -5.1631,  -5.1706,  -5.5944,  -5.7391,  -4.6256,  -5.7209,  -5.5414,  -5.2957,  -5.0309,  -5.6826,   -5.588,  -5.5816,   -5.575,  -5.0769,  -5.6282,  -5.3924,  -4.8071,   -5.847,  -4.7844,  -5.7566,  -5.6962,  -5.1159,  -5.3254,  -5.1629,  -5.2223,  -5.5775,  -5.2937,    -5.52,  -5.7457,  -5.0479,  -5.6025,  -5.5507,  -5.6069,  -5.6103,  -5.7299,  -5.7052,   -5.335,   -5.493,  -5.3479,  -5.7105,  -5.8081,    -5.64,  -5.6768,  -5.7153,  -5.6203,  -5.6416,  -5.6451,  -5.7343,  -5.7984,  -5.6345,  -5.7956,  -5.6952,  -5.8107,   -5.722 ],
"loglift": [       30,       29,       28,       27,       26,       25,       24,       23,       22,       21,       20,       19,       18,       17,       16,       15,       14,       13,       12,       11,       10,        9,        8,        7,        6,        5,        4,        3,        2,        1,   1.1602,   1.1263,   1.1136,     1.11,   1.1076,   1.1019,   1.0898,   1.0884,   1.0563,   1.0533,   1.0407,   1.0401,   1.0368,   1.0351,   1.0252,   1.0205,   1.0199,   1.0178,   1.0012,   0.9984,   0.9943,   0.9937,   0.9868,   0.9786,   0.9762,   0.9726,   0.9692,   0.9662,   0.9626,   0.9568,   1.2449,   1.0987,   1.0743,   1.0654,   1.0589,   1.0537,   1.0391,   1.0298,   1.0231,     1.02,   1.0196,   1.0147,        1,   0.9776,    0.976,   0.9736,   0.9714,   0.9698,   0.9657,   0.9615,    0.961,   0.9603,   0.9568,   0.9476,   0.9468,   0.9452,    0.941,    0.941,   0.9381,   0.9372,   1.4515,   1.3395,   1.2634,   1.2627,   1.2545,    1.253,   1.2489,   1.2379,   1.2333,   1.2267,   1.2147,   1.1986,   1.1904,   1.1809,   1.1739,   1.1691,   1.1688,   1.1676,    1.164,   1.1589,   1.1541,   1.1507,    1.141,   1.1379,   1.1201,   1.1145,   1.1121,   1.1108,   1.1088,   1.1048,   1.4957,   1.4403,   1.3913,   1.3198,   1.3118,   1.3067,   1.3067,   1.2483,   1.2341,   1.2307,   1.2218,    1.205,   1.1895,   1.1864,   1.1796,   1.1704,   1.1695,   1.1672,   1.1553,   1.1511,   1.1476,   1.1329,   1.1315,   1.1181,   1.1148,   1.1118,   1.1092,   1.1047,   1.1013,   1.0986,   1.5908,   1.4385,   1.3748,   1.3732,   1.3192,   1.2976,   1.2602,   1.2282,   1.2252,   1.2231,   1.2139,    1.212,   1.1985,   1.1794,   1.1728,    1.167,    1.163,   1.1617,    1.161,   1.1595,   1.1563,   1.1539,   1.1517,   1.1437,   1.1335,   1.1316,   1.1275,   1.1239,   1.1217,   1.1182,   1.0935,   1.0802,   0.9353,   0.8994,   0.9181,   1.0965,   1.0831,   0.8626,   0.8781,   0.8316,   0.8708,   0.8599,   0.9197,   1.0386,   1.0453,   1.1079,   0.8649,   0.9643,   0.9847,   1.1149,   0.8714,   0.7409,   0.8197,   0.8809,   0.8468,   1.0016,   0.9537,   1.0095,   1.0798,   0.7586,   0.7771,   0.8696,   0.8457,   0.7046,   0.9364,   1.0066,   1.0015,   1.0368,   0.6945,   0.7473,   0.7663,   0.7417,   0.8497,   0.8775,   0.8932,   0.5918,   0.7793,   0.6999,   0.5896,   0.7963,   0.7944,   0.7326,   0.7609,   0.9357,   0.7025,   0.8199,   0.8631,    0.663,   0.7558,   0.6687,    0.639,   0.8006,   0.7896,   0.8301,   0.8291,   0.5394,    0.623,    0.713,   0.6738,   0.4631,   0.7164,   0.7902,   0.9322,   0.9503,   0.8898,   0.7487,   0.6251,   0.6085,   0.7253,   0.9371,   0.8509,   0.7884,   0.6353,   0.3831,   0.7086,   0.7572,   0.6677,   0.6224,   0.7164,   0.9974,   0.7956,   0.7543,   0.7511,   0.7485,     0.77,   0.8719,   0.4983,   0.5836,   0.7215,   0.6607,   0.5787,   0.6652,   0.7332,   0.6267,    0.587,   0.5462,   0.4821,    0.805,   0.5567,    0.881,   0.6914,   0.4232,    0.601,    0.402,   0.4757,   0.5935,    0.613,    0.727,   0.7121,   0.7874,   0.5849,    0.253,   0.6531,   0.7633,   0.5478,   0.5332,   0.6195,   0.8281,   0.6291,   0.7469,   0.3588,    0.481,   0.4676,   0.4093,   0.6378,   0.5388,   0.6192,   0.6154,   0.5313,   0.5729,   0.4731,   0.3153,   0.3201,   0.3494,   0.2194,   0.5216,    0.333,   0.6457,   0.1879,   0.7066,   0.4726,   0.6922,   0.4732,   0.2923,     0.33,   0.4642,   0.2858,    0.542,   0.6697,   0.5567,   0.4397,   0.3717,    0.273,   0.4283,    0.453,   0.3397,   0.4786,   0.0175,   0.5836,    0.513,   0.2632,   0.2479,   0.3862,   0.5462,   0.4212,   0.3698,   0.4686,   0.2673,   0.4099,   0.5444,   0.4368,    0.498,  -0.0777,   0.3189,    0.391,   0.2932,   0.1757,   0.1177,   0.1226,   0.1818,   0.3168,   0.3923,  -0.0976,   0.4029,   0.2773,   0.2123,  -0.0008,   0.4376,   0.3232,   0.3755,   0.3362,  -0.0468,   0.3186,   0.2269,  -0.2036,   0.4924,  -0.2866,   0.4169,   0.4276,  -0.1915,  -0.0396,  -0.2386,  -0.2979,   0.2413,  -0.2636,   0.0994,   0.3441,  -0.5502,   0.1203,   0.1279,   0.1511,   0.1477,   0.3303,   0.4205,  -0.5177,  -0.2319,  -0.5306,   0.4208,   0.4397,  -0.0274,   0.2803,   0.3396,  -0.0044,   -0.029,  -0.0258,  -0.2179,   0.1631,  -0.8172,  -0.1154,  -0.1871,   0.1464,    0.036 ],
"Freq": [      330,      677,      657,      320,      609,      207,      208,      180,      492,       98,      138,      162,      275,      243,      222,      138,      133,      121,       91,       87,      133,      135,      179,      142,       89,      104,      133,      199,      288,      107, 0.786309, 0.7626666, 0.7507868, 14.92881, 0.743025, 12.64247, 0.734294, 0.7345288, 1.425538,  0.71067, 0.7036779, 2.112331, 0.6993045, 0.6940539, 1.369682, 2.740361, 3.417501, 0.6810403, 2.692717, 0.671966, 1.337671, 0.6650728, 0.6660023, 0.657617, 6.573912, 0.6564927, 10.42596, 0.6471872, 5.874796, 1.284858, 1.695541, 1.473109, 2.156613, 1.428314, 0.7091869, 0.7009075, 16.62344, 7.551604, 1.377862, 0.6833322, 0.6850205,  2.03273, 0.6663344, 1.300192, 0.6507316, 35.68674, 1.298583, 3.888686, 0.6482632, 0.6405111, 4.516214, 0.6421968, 3.209425, 0.6312561, 1.264985, 0.6330889, 0.6290838, 3.815116, 1.255658, 1.257021, 6.744203, 1.344707, 3.707015, 11.15515, 0.6180597, 1.227853, 3.070472, 3.663006, 0.6076187, 0.6024642, 0.5907343, 0.5774349, 0.5758726, 0.5675613, 2.830556, 0.5658106, 0.5659678, 1.687346, 3.401149, 0.5676774, 0.5566923, 3.893546, 0.5590391, 0.5470857, 1.069573, 0.531253, 0.5392524, 3.729039, 1.592167, 0.528437, 1.502621, 1.405096, 0.6749997, 2.521811, 0.6263804, 0.6129275, 2.469153, 4.140004, 1.726282, 0.5673222, 0.564705, 3.337105, 4.906976, 0.5421976, 2.174451, 0.5352919, 0.5395386, 0.5370786, 0.5304908, 6.886571, 1.565633, 21.23471, 0.5204908,  2.55793, 0.5049951, 1.010354, 0.4998362, 7.538051, 45.10792, 1.981106, 3.274427, 2.109286, 0.6542252, 0.652527, 0.6163674, 0.6029056, 0.5839004, 0.5629688,  3.38359, 0.5598846, 1.112648, 1.105884, 0.5473167, 1.082869, 1.059999, 0.5287981, 2.619912, 1.056115, 1.586548, 0.5256347, 0.5234447, 0.5211085, 1.041746, 0.5164433,  3.05453,  5.07637, 1.526935, 4.033655, 7.044841, 4.566052, 173.6731, 25.24552, 3.147439, 15.71678,  3.09211, 1.577359, 4.474525, 96.08019, 22.50205, 93.24399, 25.34875, 19.18598, 2.465366, 12.51518, 12.80769,  2.00333, 14.68483, 45.45162, 24.37002, 1.500421, 12.45109, 128.0809,  20.0576, 4.158789, 7.512006, 10.41529, 33.18704, 10.91664, 2.892395, 75.75249, 43.62272, 9.491292, 7.438712, 64.79651, 22.33601, 10.51175, 10.35861, 5.117054, 103.8117, 50.03817, 36.83061,   25.373, 46.75089, 42.56616, 30.17384, 222.0081, 25.60631, 40.15054, 141.7034, 11.99432, 12.16934, 22.05679, 68.06375, 16.49196, 224.9364, 48.67003, 29.14582,  47.4948, 16.30765, 38.23306, 219.0374, 28.07481, 80.48292, 38.66142, 36.37539, 170.2897, 78.51234, 32.44812, 45.45448, 241.0003, 22.65165, 28.48531, 7.204901, 9.361949, 13.97203, 47.15085, 56.60364, 57.48195, 36.13275, 6.275659, 21.78305,  25.4412, 39.28764, 247.2983, 22.13494, 15.17052, 28.45345, 68.18281, 31.53789, 3.821538, 31.52688, 42.44063, 31.62527, 30.62744, 25.90339, 10.93821,   100.22,   53.557, 20.48439, 28.17482, 48.39788, 40.20604, 23.72686, 53.89943, 48.68996,  54.1675,  79.9948,  24.6768, 68.61083, 9.038245, 28.18435, 122.1713, 43.78545, 119.2496, 72.03403, 44.21412, 63.15559, 31.44215, 23.79213, 15.13871, 46.57448, 210.6396, 30.38377,  16.2713, 50.14592, 47.49093, 34.18175, 16.23113, 29.74167, 15.82035,  102.684, 55.70169, 86.83912, 77.80252, 28.23465, 58.54156, 30.06176, 28.14834, 55.67848, 46.39622, 55.22945, 93.93268, 111.4805, 65.88044, 137.4496, 35.47564,  101.466, 32.04722, 118.5349, 18.36466, 35.89769, 17.15647, 54.18545, 92.07223, 76.66132, 48.14362, 72.12525, 31.32116, 27.18205, 38.57194, 51.91328, 46.51564, 63.65394, 36.49175,  32.6305, 77.64287, 43.55504, 109.1041, 31.37991, 36.73912, 51.72761, 78.65282, 42.09603, 24.48397, 33.21746, 55.37127, 35.54315, 46.46833, 57.81177, 36.38031, 36.40973, 32.42126, 98.01483, 68.15399, 49.40521, 59.62189, 60.40215, 57.24878, 56.13355, 86.28529,  56.3046, 48.72253, 98.04844, 32.13667, 59.36969,  53.6556, 64.06752, 51.70543, 36.70303, 57.20325, 40.58412, 94.47226, 54.43453, 45.54332, 124.1036, 30.91842,  126.955, 33.84395, 33.61342, 58.85019, 73.68423, 86.68492, 57.74417,  37.8501, 53.76487, 60.65633, 34.21337, 62.98572, 39.48301, 38.09927, 36.75161, 55.41875, 32.49984, 50.55222, 51.58809, 44.05033, 72.04613, 50.28432, 30.05465, 38.02808, 33.58543, 50.04321, 35.53724,  53.7103, 53.68204,   34.605, 32.45802, 35.03547, 32.54972, 51.06007, 32.06229, 32.09967 ],
"Total": [      330,      677,      657,      320,      609,      207,      208,      180,      492,       98,      138,      162,      275,      243,      222,      138,      133,      121,       91,       87,      133,      135,      179,      142,       89,      104,      133,      199,      288,      107, 0.987354, 0.9907217, 0.9877786,  19.7111, 0.9834588,   16.828, 0.9893037, 0.9910619, 1.985995, 0.9931282, 0.995813, 2.990881, 0.9934731, 0.9876454,  1.96845, 3.956903, 4.937715, 0.9860677, 3.964167, 0.9919428, 1.982879, 0.9864256, 0.9946847, 0.9902563, 9.922103, 0.9945028, 15.84674, 0.9867191, 8.988718, 1.977288, 1.962124, 1.973025, 2.959883, 1.977821, 0.9884366, 0.9819945, 23.63337, 10.83564, 1.990413, 0.990211, 0.993065, 2.961325, 0.9850885, 1.965617, 0.9853869, 54.16713, 1.975535, 5.924835, 0.9917528, 0.9841003, 6.941655, 0.9878017, 4.954282, 0.9833879, 1.972318, 0.9886396, 0.9864804, 5.982821, 1.974878, 1.978744, 8.979775, 2.002542, 5.957318, 17.93876, 1.002137, 1.993839, 5.006375, 6.038829,  1.00625, 1.004414, 0.9967101, 0.9900361, 0.9954842, 0.9905077,  4.97489, 0.9992281, 0.9998156, 2.984312, 6.037143, 1.012761, 0.9979433, 7.003584, 1.015398, 0.9967607, 1.983671, 0.9908065, 1.008159, 6.980647,  2.98644, 0.9951339, 2.047259, 2.023446, 1.020889, 4.096598, 1.025734, 1.008828,   4.0642, 7.224209, 3.055273,  1.00754, 1.011856, 6.080613, 9.080761,  1.00652, 4.064281, 1.009702,  1.01866, 1.016331, 1.015918, 13.24356, 3.021496, 41.58644, 1.020787, 5.084133, 1.007016, 2.020764,  1.00233, 15.18408, 91.17633, 4.015248,  4.13945, 3.105377, 1.026461, 1.025523, 1.022362, 1.021933, 1.027415, 1.022777, 6.165565, 1.022422, 2.050575, 2.041903, 1.024372, 2.065799,  2.03542, 1.021298, 5.080301, 2.050603, 3.082835, 1.022864, 1.021917, 1.019773, 2.043017, 1.020951, 6.100533, 10.15831, 3.067989,  8.13416, 14.23674, 9.260113, 330.7867, 48.72574,  4.94888, 25.69469, 4.961179, 2.995214,   9.2099, 162.4725, 37.46577, 162.6345, 42.64247, 32.62852, 3.949471, 25.18188, 27.37988, 4.104702, 24.77485, 98.50321, 55.34917, 3.052996, 20.86976, 244.6133, 35.51021, 6.925895, 12.94369, 21.74675, 77.74869, 24.18679, 6.095342, 142.1333, 80.35004, 15.93749, 12.83181,   128.71, 49.78026, 23.35731, 23.13548, 11.25711, 207.6692, 94.95353, 68.57735, 48.56573, 113.6227, 107.6214, 75.09586, 492.1583, 47.06317, 80.12665, 315.7671, 21.73807, 22.09682, 42.60451, 180.7968,  39.3393,  677.473, 133.0049, 76.28564,  98.3463, 30.77622, 78.71835, 657.2357, 71.67213, 222.1847, 104.5831, 98.50321, 397.8205, 168.7027, 63.72553, 92.83671, 609.4674, 44.46574, 73.48008, 16.12416, 22.00737, 35.60455, 138.3656, 121.3711, 125.3161,  99.4536, 13.97682, 56.55921, 71.75534, 83.39139,  677.473, 43.79512,  28.5904, 58.64298, 208.0115, 87.58421, 8.013087, 86.50824, 121.3711, 92.58498, 89.89345,  74.4151, 28.37795, 243.9608, 119.7101, 39.88943, 58.47973, 109.0331, 117.5153, 64.78979, 178.7027, 108.4566, 126.0671, 198.4993, 67.07953, 243.9608, 23.23647, 87.58421, 320.5915, 96.17914, 320.5915, 179.8971, 138.8394, 208.0115, 92.40513, 72.42385, 42.73803, 103.9699, 657.2357, 89.89345, 43.11465, 179.8971, 111.9754, 104.5831, 43.11465, 98.36683, 46.50847, 288.2239, 138.3656, 330.7867, 320.5915, 84.82227, 207.6692, 92.00138, 86.47842, 199.0106, 159.0646, 137.8635, 275.3986, 492.1583, 288.2239, 442.1949, 119.7101, 442.1949, 102.1556, 609.4674,  51.4991, 138.8394, 53.27128, 135.2513, 275.3986, 221.4691, 121.6225, 308.0782, 103.5565, 84.59273, 134.3988, 134.3988, 199.0106, 275.3986, 147.5379,   128.71, 221.4691, 108.4566, 609.4674, 106.4459, 133.7317,  246.668,  246.668, 162.6345, 87.97975, 135.2513, 153.7316, 135.2513, 220.6907, 153.7316, 84.82227, 133.7317, 119.7997, 657.2357, 198.4993, 134.2816, 178.7027, 308.0782, 315.7671, 308.0782, 288.2239, 164.8301, 132.2577, 657.2357, 133.2644, 180.7968,  246.668, 397.8205, 133.7317, 164.8301,  157.443, 164.8301, 397.8205, 159.0646, 220.6907, 609.4674, 107.4185,  677.473, 126.8028, 133.2644, 442.1949, 308.0782, 442.1949, 442.1949, 180.7968, 397.8205, 220.6907, 137.8635,  677.473, 199.0106, 208.0115, 192.1166, 192.1166, 142.0233, 133.0049, 492.1583, 315.7671, 492.1583, 132.2577, 117.7281, 222.1847,  157.443, 142.7697, 221.4691, 222.1847, 220.6907, 244.6133,  156.754, 492.1583, 207.6692,  246.668,  157.443, 192.1166 ],
"Category": [ "Default", "Default", "Default", "Default", "Default", "Default", "Default", "Default", "Default", "Default", "Default", "Default", "Default", "Default", "Default", "Default", "Default", "Default", "Default", "Default", "Default", "Default", "Default", "Default", "Default", "Default", "Default", "Default", "Default", "Default", "Topic1", "Topic1", "Topic1", "Topic1", "Topic1", "Topic1", "Topic1", "Topic1", "Topic1", "Topic1", "Topic1", "Topic1", "Topic1", "Topic1", "Topic1", "Topic1", "Topic1", "Topic1", "Topic1", "Topic1", "Topic1", "Topic1", "Topic1", "Topic1", "Topic1", "Topic1", "Topic1", "Topic1", "Topic1", "Topic1", "Topic2", "Topic2", "Topic2", "Topic2", "Topic2", "Topic2", "Topic2", "Topic2", "Topic2", "Topic2", "Topic2", "Topic2", "Topic2", "Topic2", "Topic2", "Topic2", "Topic2", "Topic2", "Topic2", "Topic2", "Topic2", "Topic2", "Topic2", "Topic2", "Topic2", "Topic2", "Topic2", "Topic2", "Topic2", "Topic2", "Topic3", "Topic3", "Topic3", "Topic3", "Topic3", "Topic3", "Topic3", "Topic3", "Topic3", "Topic3", "Topic3", "Topic3", "Topic3", "Topic3", "Topic3", "Topic3", "Topic3", "Topic3", "Topic3", "Topic3", "Topic3", "Topic3", "Topic3", "Topic3", "Topic3", "Topic3", "Topic3", "Topic3", "Topic3", "Topic3", "Topic4", "Topic4", "Topic4", "Topic4", "Topic4", "Topic4", "Topic4", "Topic4", "Topic4", "Topic4", "Topic4", "Topic4", "Topic4", "Topic4", "Topic4", "Topic4", "Topic4", "Topic4", "Topic4", "Topic4", "Topic4", "Topic4", "Topic4", "Topic4", "Topic4", "Topic4", "Topic4", "Topic4", "Topic4", "Topic4", "Topic5", "Topic5", "Topic5", "Topic5", "Topic5", "Topic5", "Topic5", "Topic5", "Topic5", "Topic5", "Topic5", "Topic5", "Topic5", "Topic5", "Topic5", "Topic5", "Topic5", "Topic5", "Topic5", "Topic5", "Topic5", "Topic5", "Topic5", "Topic5", "Topic5", "Topic5", "Topic5", "Topic5", "Topic5", "Topic5", "Topic3", "Topic3", "Topic1", "Topic2", "Topic2", "Topic3", "Topic4", "Topic1", "Topic1", "Topic1", "Topic2", "Topic2", "Topic2", "Topic3", "Topic4", "Topic5", "Topic1", "Topic3", "Topic4", "Topic5", "Topic1", "Topic1", "Topic2", "Topic2", "Topic2", "Topic3", "Topic4", "Topic4", "Topic5", "Topic1", "Topic1", "Topic1", "Topic2", "Topic2", "Topic3", "Topic4", "Topic4", "Topic5", "Topic1", "Topic1", "Topic1", "Topic2", "Topic3", "Topic4", "Topic4", "Topic1", "Topic1", "Topic2", "Topic2", "Topic2", "Topic2", "Topic2", "Topic3", "Topic4", "Topic4", "Topic5", "Topic5", "Topic2", "Topic2", "Topic2", "Topic3", "Topic3", "Topic4", "Topic5", "Topic5", "Topic1", "Topic1", "Topic1", "Topic1", "Topic2", "Topic2", "Topic3", "Topic3", "Topic4", "Topic5", "Topic5", "Topic1", "Topic1", "Topic3", "Topic3", "Topic4", "Topic5", "Topic1", "Topic2", "Topic2", "Topic2", "Topic2", "Topic3", "Topic3", "Topic3", "Topic4", "Topic4", "Topic5", "Topic5", "Topic5", "Topic5", "Topic1", "Topic1", "Topic1", "Topic2", "Topic2", "Topic3", "Topic3", "Topic5", "Topic1", "Topic2", "Topic2", "Topic4", "Topic5", "Topic5", "Topic5", "Topic1", "Topic1", "Topic2", "Topic2", "Topic3", "Topic4", "Topic4", "Topic5", "Topic5", "Topic1", "Topic2", "Topic3", "Topic3", "Topic5", "Topic2", "Topic3", "Topic4", "Topic5", "Topic5", "Topic2", "Topic2", "Topic4", "Topic5", "Topic3", "Topic4", "Topic3", "Topic3", "Topic4", "Topic4", "Topic1", "Topic2", "Topic4", "Topic5", "Topic1", "Topic3", "Topic4", "Topic4", "Topic5", "Topic3", "Topic5", "Topic5", "Topic1", "Topic1", "Topic2", "Topic2", "Topic3", "Topic3", "Topic4", "Topic4", "Topic2", "Topic5", "Topic3", "Topic5", "Topic5", "Topic1", "Topic2", "Topic3", "Topic4", "Topic4", "Topic5", "Topic2", "Topic3", "Topic5", "Topic5", "Topic2", "Topic4", "Topic5", "Topic1", "Topic2", "Topic3", "Topic4", "Topic5", "Topic1", "Topic2", "Topic2", "Topic4", "Topic5", "Topic5", "Topic1", "Topic2", "Topic2", "Topic4", "Topic5", "Topic2", "Topic3", "Topic5", "Topic1", "Topic5", "Topic1", "Topic3", "Topic2", "Topic2", "Topic4", "Topic1", "Topic3", "Topic1", "Topic3", "Topic4", "Topic5", "Topic2", "Topic2", "Topic3", "Topic4", "Topic3", "Topic2", "Topic3", "Topic5", "Topic3", "Topic5", "Topic4", "Topic2", "Topic4", "Topic1", "Topic3", "Topic3", "Topic2", "Topic1", "Topic4", "Topic3", "Topic5", "Topic1", "Topic5", "Topic2", "Topic1", "Topic3", "Topic3", "Topic5", "Topic3", "Topic1", "Topic3", "Topic5" ] 
},
"token.table": {
 "Term": [ "–", "–", "–", "–", "–", "—", "—", "—", "—", "—likely", "‘frontal", "“lar”", "“leader”", "“peppers”", "“sources", "accent", "accent", "accent", "accent", "accent", "achieve", "achieve", "achieve", "acoustic", "acoustic", "acoustic", "acoustic", "across", "across", "across", "across", "across", "adult", "adult", "adult", "adult", "adult", "adults", "adults", "adults", "adults", "adults", "age", "age", "age", "age", "age", "also", "also", "also", "also", "also", "also—somewhat", "although", "although", "although", "although", "although", "american", "american", "american", "american", "american", "appar", "articulation", "articulation", "articulation", "articulation", "articulation", "association", "association", "association", "audible", "automa", "avoid", "avoid", "avoid", "avoid", "back", "back", "back", "back", "based", "based", "based", "based", "bilingualism", "bilingualism", "bilingualism", "bilingualism", "blackwell", "blackwell", "burn", "byproduct", "c’ikae", "can", "can", "can", "can", "can", "canada", "canada", "canada", "canada", "canadian", "canadian", "canadian", "canadian", "caramazza", "caramazza", "categories", "categories", "categories", "categories", "categories", "category", "category", "category", "category", "category", "change", "change", "change", "change", "characteristics", "characteristics", "characteristics", "characteristics", "characteristics", "children", "children", "children", "children", "children", "cognit", "cognit", "cognit", "cognit", "coincided", "collapsing", "commonalities", "companion’s", "compared", "compared", "compared", "compared", "compromised", "concious", "consonantal", "consonantal", "contrast", "contrast", "contrast", "contrast", "contrast", "convergence", "convergence", "convergence", "convergence", "convergence", "conversations", "conversations", "conversations", "conversations", "conversations", "cor", "cor", "corded", "correspondingly", "credit", "credit", "credit", "credit", "credit", "crosslanguage", "crosslanguage", "crosslanguage", "crosslanguage", "crosslanguage", "current", "current", "current", "current", "current", "dandong", "dandong", "dandong", "dandong", "dandong", "data", "data", "data", "data", "data", "decreased", "decreased", "decreased", "degree", "degree", "degree", "degree", "delayed", "delayed", "delayed", "department", "department", "department", "department", "designing", "determine", "determine", "determine", "determine", "dia", "dialect", "dialect", "dialect", "dialect", "dialect", "differ", "differ", "differ", "differ", "differ", "difference", "difference", "difference", "difference", "difference", "differences", "differences", "differences", "differences", "differences", "different", "different", "different", "different", "different", "differentl", "differentl", "differentl", "differentl", "differentl", "dimensions", "dimensions", "dimensions", "dimensions", "dimensions", "discriminate", "discriminate", "discrimination", "discrimination", "discrimination", "discrimination", "discrimination", "doi", "doi", "doi", "doi", "doi", "duction", "duction", "duction", "duration", "duration", "duration", "duration", "duration", "eaten", "effect", "effect", "effect", "effect", "effect", "effects", "effects", "effects", "effects", "effects", "el–el", "el–el", "elicitation", "elicitation", "elicitation", "elicitation", "emerge", "enfchf", "english", "english", "english", "english", "english", "enm", "enm", "enm", "enm", "enm", "evidence", "evidence", "evidence", "evidence", "evidence", "exclusively", "exclusively", "expectations", "expectations", "expectations", "experiment", "experiment", "experiment", "experiment", "experiment", "explicitly", "explicitly", "explicitly", "explore", "explore", "exposure", "exposure", "exposure", "exposure", "exposure", "factors", "factors", "factors", "factors", "factors", "fifth", "figure", "figure", "figure", "figure", "figure", "firstsemester", "fish", "following", "following", "following", "following", "following", "follows", "follows", "follows", "forcedchoice", "found", "found", "found", "found", "found", "gap", "generation", "generation", "generation", "generation", "generation", "givers", "givers", "givers", "givers", "goodman", "gradually", "gradually", "grant", "grant", "grant", "groceries", "groceries", "groups", "groups", "groups", "groups", "groups", "gwyneth", "handanweisung", "heard", "heard", "heard", "heard", "heard", "however", "however", "however", "however", "however", "httpdoiorgscienc", "httpsgithubcomheliosdrmphia", "hunchun", "hunchun", "hunchun", "hunchun", "hunchun", "hypothetical", "identified", "identified", "identified", "identified", "imitation", "imitation", "imitation", "imitation", "imitation", "impact", "impact", "impact", "impact", "improvement", "improvement", "improvement", "improvement", "improvement", "inc兲", "indepth", "individual", "individual", "individual", "individual", "individual", "individualdifference", "individuals", "individuals", "individuals", "individuals", "initial", "initial", "initial", "initial", "interaction", "interaction", "interaction", "interaction", "interaction", "intermediate", "intermediate", "intermediate", "intermediate", "intermediate", "item", "item", "item", "item", "item", "item兲", "item兲", "japanese", "japanese", "japanese", "japanese", "japanese", "journal", "journal", "journal", "journal", "journal", "kang", "kang", "kang", "kang", "kendall", "kendall", "korean", "korean", "korean", "korean", "lang", "lang", "lang", "lang", "lang", "language", "language", "language", "language", "language", "language”", "languager", "languages", "languages", "languages", "languages", "languages", "late", "late", "late", "late", "late", "learning", "learning", "learning", "learning", "learning", "less", "less", "less", "less", "less", "light", "light", "light", "list", "list", "list", "list", "list", "listeners", "listeners", "listeners", "listeners", "listeners", "location", "location", "location", "location", "london兲", "longer", "longer", "longer", "longer", "longer", "lwrl", "lwrl", "lwrl", "lwrl", "lwrl", "mandarin", "mandarin", "mandarin", "mandarin", "mandarin", "map", "map", "map", "map", "masters", "mature", "mature", "maximizing", "may", "may", "may", "may", "may", "measurable", "measurable", "memory", "memory", "memory", "memory", "memory", "miller", "miller", "miller", "miller", "miller", "model", "model", "model", "model", "model", "models", "models", "models", "models", "models", "multitude", "native", "native", "native", "native", "native", "nativenonnative", "nativenonnative", "nativenonnative", "nativenonnative", "neuropsychology", "new", "new", "new", "new", "new", "nicholls", "nj兲", "nj兲", "nonnative", "nonnative", "nonnative", "nonnative", "nonnative", "nonsense", "obs", "occasions", "offer", "offer", "older", "older", "older", "older", "older", "one", "one", "one", "one", "one", "opinion", "orghttpsdoiorgdev", "pair", "pair", "pair", "pair", "pair", "pairs", "pairs", "pairs", "pairs", "pairs", "palatalization", "palatalization", "pancake’", "pardo", "pardo", "pardo", "pardo", "pardo", "participant", "participant", "participant", "participant", "participant", "participants", "participants", "participants", "participants", "participants", "patients", "percentage", "percentage", "percentage", "perception", "perception", "perception", "perception", "perception", "perceptual", "perceptual", "perceptual", "perceptual", "perceptual", "perienced", "permits", "phenomenon”", "phonetic", "phonetic", "phonetic", "phonetic", "phonetic", "phonological", "phonological", "phonological", "phonological", "phonological", "phrases", "phrases", "phrases", "phrases", "phyengan", "possible", "possible", "possible", "possible", "possible", "predictions", "predictions", "predictions", "predictions", "predictions", "presented", "presented", "presented", "presented", "presented", "production", "production", "production", "production", "production", "production”", "productions", "productions", "productions", "productions", "productions", "propos", "proximity", "prt", "psychol", "psychol", "psychol", "psychol", "psychological", "psychological", "psychological", "psychological", "psychological", "psyscope", "pumpkin", "pursued", "quichuaspanish", "rachel", "rachel", "rachel", "ratersperceivers", "recency", "referred", "referred", "referred", "reflection", "remarkably", "respect", "respect", "respect", "respect", "resulted", "resulted", "resulted", "resulted", "role", "role", "role", "role", "role", "rounds", "rounds", "sameldifferentdialect", "sameldifferentdialect", "sameldifferentdialect", "sameldifferentdialect", "sameldifferentdialect", "scales", "scales", "scales", "secondlanguage", "secondlanguage", "see", "see", "see", "see", "see", "selecting", "selecting", "selections", "selfregulation", "separate", "separate", "separate", "separate", "separate", "series", "series", "series", "series", "series", "settings", "settings", "settings", "settings", "settings", "shortterm", "showed", "showed", "showed", "showed", "significant", "significant", "significant", "significant", "significant", "similar", "similar", "similar", "similar", "similar", "skehan", "skehan", "sky", "sky", "sky", "social", "social", "social", "social", "social", "someone", "sonant", "sony", "southern", "southern", "southern", "speaker", "speaker", "speaker", "speaker", "speaker", "speakers", "speakers", "speakers", "speakers", "speakers", "speculate", "speculate", "speech", "speech", "speech", "speech", "speech", "splash", "sramko", "steep", "steep", "stimuli", "stimuli", "stimuli", "stimuli", "stimuli", "stretches", "stretches", "structured", "structured", "studies", "studies", "studies", "studies", "studies", "study", "study", "study", "study", "study", "suggestion", "suggestion", "suggestion", "summa", "surface", "surface", "surface", "table", "table", "table", "table", "table", "taken", "taken", "taken", "taken", "talent", "talent", "talent", "talent", "talent", "talker", "talker", "talker", "talker", "talker", "talkers", "talkers", "talkers", "talkers", "talkers", "target", "target", "target", "target", "target", "targets", "targets", "targets", "targets", "targets", "task", "task", "task", "task", "task", "terms", "terms", "terms", "terms", "terms", "test", "test", "test", "test", "test", "tests", "tests", "tests", "tests", "tests", "thank", "thank", "thank", "time", "time", "time", "time", "time", "tion", "tion", "tion", "tion", "tion", "tokens", "tokens", "tokens", "tokens", "tokens", "tor’s", "total", "total", "total", "total", "total", "towards", "towards", "towards", "towards", "towards", "troughs", "troughs", "trouvain", "two", "two", "two", "two", "two", "unconsciously", "unconsciously", "university", "university", "university", "university", "university", "usa", "usa", "usa", "usa", "use", "use", "use", "use", "use", "used", "used", "used", "used", "used", "verge", "verge", "vot", "vot", "vot", "vot", "vot", "vowel", "vowel", "vowel", "vowel", "vowel", "wearing", "wearing", "wearing", "within", "within", "within", "within", "within", "wordlevel", "words", "words", "words", "words", "words", "wwwelseviercomlocatephonetics", "zealand", "zealand", "대한", "뒷", "색이", "왼쪽에", "있어요", "있어요", "있어요", "티", "共blocked", "共received", "共兲", "共兲", "共兲", "共兲", "共兲", "兲", "兲", "兲", "兲" ],
"Topic": [ 1, 2, 3, 4, 5, 1, 2, 3, 5, 3, 4, 3, 1, 5, 1, 1, 2, 3, 4, 5, 2, 4, 5, 1, 2, 3, 4, 1, 2, 3, 4, 5, 1, 2, 3, 4, 5, 1, 2, 3, 4, 5, 1, 2, 3, 4, 5, 1, 2, 3, 4, 5, 5, 1, 2, 3, 4, 5, 1, 2, 3, 4, 5, 3, 1, 2, 3, 4, 5, 2, 4, 5, 2, 3, 1, 2, 3, 4, 1, 2, 3, 5, 1, 2, 3, 5, 1, 2, 4, 5, 1, 5, 1, 1, 1, 1, 2, 3, 4, 5, 1, 2, 3, 5, 1, 2, 4, 5, 1, 5, 1, 2, 3, 4, 5, 1, 2, 3, 4, 5, 2, 3, 4, 5, 1, 2, 3, 4, 5, 1, 2, 3, 4, 5, 1, 2, 3, 5, 2, 4, 1, 3, 1, 3, 4, 5, 2, 2, 1, 5, 1, 2, 3, 4, 5, 1, 2, 3, 4, 5, 1, 2, 3, 4, 5, 2, 3, 2, 2, 1, 2, 3, 4, 5, 1, 2, 3, 4, 5, 1, 2, 3, 4, 5, 1, 2, 3, 4, 5, 1, 2, 3, 4, 5, 3, 4, 5, 2, 3, 4, 5, 1, 3, 4, 1, 2, 3, 4, 2, 2, 3, 4, 5, 4, 1, 2, 3, 4, 5, 1, 2, 3, 4, 5, 1, 2, 3, 4, 5, 1, 2, 3, 4, 5, 1, 2, 3, 4, 5, 1, 2, 3, 4, 5, 1, 2, 3, 4, 5, 4, 5, 1, 2, 3, 4, 5, 1, 2, 3, 4, 5, 3, 4, 5, 1, 2, 3, 4, 5, 2, 1, 2, 3, 4, 5, 1, 2, 3, 4, 5, 4, 5, 1, 2, 3, 4, 5, 2, 1, 2, 3, 4, 5, 1, 2, 3, 4, 5, 1, 2, 3, 4, 5, 4, 5, 1, 2, 4, 1, 2, 3, 4, 5, 1, 2, 5, 2, 5, 1, 2, 3, 4, 5, 1, 2, 3, 4, 5, 1, 1, 2, 3, 4, 5, 5, 3, 1, 2, 3, 4, 5, 1, 4, 5, 2, 1, 2, 3, 4, 5, 3, 1, 2, 3, 4, 5, 1, 2, 4, 5, 1, 4, 5, 1, 3, 4, 2, 5, 1, 2, 3, 4, 5, 1, 4, 1, 2, 3, 4, 5, 1, 2, 3, 4, 5, 4, 5, 1, 2, 3, 4, 5, 2, 1, 2, 3, 4, 1, 2, 3, 4, 5, 1, 3, 4, 5, 1, 2, 3, 4, 5, 3, 1, 1, 2, 3, 4, 5, 1, 1, 2, 3, 5, 1, 2, 3, 5, 1, 2, 3, 4, 5, 1, 2, 3, 4, 5, 1, 2, 3, 4, 5, 1, 3, 1, 2, 3, 4, 5, 1, 2, 3, 4, 5, 1, 2, 3, 4, 1, 4, 1, 2, 3, 5, 1, 2, 3, 4, 5, 1, 2, 3, 4, 5, 1, 1, 1, 2, 3, 4, 5, 1, 2, 3, 4, 5, 1, 2, 3, 4, 5, 1, 2, 3, 4, 5, 1, 2, 5, 1, 2, 3, 4, 5, 1, 2, 3, 4, 5, 1, 2, 3, 4, 1, 1, 2, 3, 4, 5, 1, 2, 3, 4, 5, 1, 2, 3, 4, 5, 2, 3, 4, 5, 4, 4, 5, 3, 1, 2, 3, 4, 5, 1, 4, 1, 2, 3, 4, 5, 1, 2, 3, 4, 5, 1, 2, 3, 4, 5, 1, 2, 3, 4, 5, 2, 1, 2, 3, 4, 5, 1, 2, 4, 5, 3, 1, 2, 3, 4, 5, 1, 2, 4, 1, 2, 3, 4, 5, 3, 5, 3, 1, 4, 1, 2, 3, 4, 5, 1, 2, 3, 4, 5, 2, 3, 1, 2, 3, 4, 5, 1, 2, 3, 4, 5, 4, 5, 4, 1, 2, 3, 4, 5, 1, 2, 3, 4, 5, 1, 2, 3, 4, 5, 5, 2, 3, 5, 1, 2, 3, 4, 5, 1, 2, 3, 4, 5, 3, 3, 5, 1, 2, 3, 4, 5, 1, 2, 3, 4, 5, 2, 3, 4, 5, 1, 1, 2, 3, 4, 5, 1, 2, 3, 4, 5, 1, 2, 3, 4, 5, 1, 2, 3, 4, 5, 2, 1, 2, 3, 4, 5, 1, 4, 2, 1, 2, 3, 5, 1, 2, 3, 4, 5, 1, 5, 4, 5, 1, 2, 5, 5, 2, 2, 3, 4, 4, 2, 2, 3, 4, 5, 2, 3, 4, 5, 1, 2, 3, 4, 5, 2, 5, 1, 2, 3, 4, 5, 2, 3, 4, 2, 5, 1, 2, 3, 4, 5, 4, 5, 3, 2, 1, 2, 3, 4, 5, 1, 2, 3, 4, 5, 1, 2, 3, 4, 5, 1, 2, 3, 4, 5, 1, 2, 3, 4, 5, 1, 2, 3, 4, 5, 1, 3, 2, 3, 4, 1, 2, 3, 4, 5, 1, 1, 2, 1, 3, 4, 1, 2, 3, 4, 5, 1, 2, 3, 4, 5, 1, 3, 1, 2, 3, 4, 5, 5, 2, 1, 3, 1, 2, 3, 4, 5, 2, 3, 3, 4, 1, 2, 3, 4, 5, 1, 2, 3, 4, 5, 1, 4, 5, 3, 2, 4, 5, 1, 2, 3, 4, 5, 1, 2, 4, 5, 1, 2, 3, 4, 5, 1, 2, 3, 4, 5, 1, 2, 3, 4, 5, 1, 2, 3, 4, 5, 1, 2, 3, 4, 5, 1, 2, 3, 4, 5, 1, 2, 3, 4, 5, 1, 2, 3, 4, 5, 1, 2, 3, 4, 5, 2, 3, 5, 1, 2, 3, 4, 5, 1, 2, 3, 4, 5, 1, 2, 3, 4, 5, 2, 1, 2, 3, 4, 5, 1, 2, 3, 4, 5, 4, 5, 5, 1, 2, 3, 4, 5, 4, 5, 1, 2, 3, 4, 5, 1, 3, 4, 5, 1, 2, 3, 4, 5, 1, 2, 3, 4, 5, 2, 3, 1, 2, 3, 4, 5, 1, 2, 3, 4, 5, 1, 4, 5, 1, 2, 3, 4, 5, 4, 1, 2, 3, 4, 5, 1, 1, 3, 5, 4, 3, 5, 3, 4, 5, 4, 4, 2, 1, 2, 3, 4, 5, 1, 2, 4, 5 ],
"Freq": [ 0.04716725, 0.3210416, 0.3332138, 0.1491094, 0.1491094, 0.2458767, 0.1229383, 0.1229383, 0.4917533,  1.00325, 0.9749118, 1.002061, 1.014129, 0.4876682,  1.00657, 0.4510897, 0.03341406, 0.292373, 0.1253027, 0.1002422, 0.1966904, 0.5900711, 0.1966904, 0.5395368, 0.1166566, 0.04374622, 0.2916415, 0.2334668, 0.4002288, 0.0667048, 0.02223493, 0.2779367, 0.1683241, 0.1202315, 0.0240463, 0.5049724, 0.1923704, 0.1728225, 0.3863091, 0.03049808, 0.1016603, 0.3049808, 0.2514702, 0.3394848, 0.09430132, 0.2891907, 0.01886026, 0.2446864, 0.276405, 0.06343721, 0.2084365, 0.2084365, 0.9780694, 0.4418434, 0.05523043, 0.1518837, 0.01380761, 0.3313826, 0.1147413, 0.0764942, 0.3251004, 0.1243031, 0.3729092, 1.004536, 0.2081444, 0.1040722, 0.3237802, 0.1503265, 0.2081444, 0.7202894, 0.1440579, 0.1440579, 1.019303, 1.003301, 0.2010095, 0.2010095, 0.6030284, 0.2010095, 0.1404816, 0.2107223, 0.2107223, 0.4916854, 0.3762677, 0.1612576, 0.1209432, 0.3493915, 0.314791, 0.5246516, 0.06995355, 0.06995355, 0.3936775, 0.5905162, 1.013761, 1.016819, 1.005344, 0.218274, 0.2605206, 0.1619452, 0.2253151, 0.1267398, 0.07725774, 0.618062, 0.07725774, 0.2317732, 0.1641556,  0.58627, 0.0703524, 0.1641556, 0.4897392, 0.4897392, 0.2592213, 0.01080089, 0.1080089, 0.2808231, 0.3456284, 0.163805, 0.3397438, 0.248741, 0.02426741, 0.2244736, 0.3025077, 0.3169129, 0.115241, 0.2592923, 0.1404315, 0.1123452, 0.1685178, 0.1966041, 0.3932082, 0.01155959, 0.2889898, 0.1965131, 0.369907, 0.1271555, 0.1640597, 0.1640597, 0.1640597, 0.4921791, 0.505371, 0.9796364, 1.006919, 1.000773, 0.552449, 0.04249608, 0.3187206, 0.08499216, 1.008316, 1.016893, 0.3275471, 0.6550942, 0.2312713, 0.4047248, 0.007227228, 0.02168168, 0.3396797, 0.2034563, 0.3954272, 0.1788447, 0.0278932, 0.1952524, 0.1875412, 0.4197352, 0.2054023, 0.1250275, 0.05358321, 0.1678608, 0.6714431, 0.5087461, 1.015137, 0.1101229, 0.2202459, 0.1101229, 0.5506146, 0.1101229, 0.484722, 0.2046604, 0.0430864, 0.0215432, 0.2477468, 0.01178936, 0.4244168, 0.330102, 0.03536807, 0.1886297, 0.06100891, 0.4779031, 0.2542038, 0.08134521, 0.1118497, 0.452054, 0.009618171, 0.2500725, 0.2019816, 0.09618171, 0.1621911, 0.1621911, 0.4865734, 0.2558585, 0.3337284, 0.06674569, 0.3448527, 0.7725222, 0.05942479, 0.1782744, 0.09228806, 0.7383044, 0.1845761, 0.09228806, 0.505607, 0.3307591, 0.08268977, 0.4547937, 0.1240347, 0.9882831, 0.2529784, 0.3869081, 0.00744054, 0.2901811, 0.06696486, 0.1877736, 0.5163773, 0.04694339, 0.1643019, 0.07041508, 0.04992097, 0.4992097, 0.312006, 0.1248024, 0.01248024, 0.2186173, 0.2862845, 0.1353345, 0.1925914, 0.1665655, 0.2806946, 0.2169004, 0.2041416, 0.1594856, 0.1275885, 0.06585843, 0.06585843, 0.2634337, 0.5268674, 0.1317169, 0.08035314, 0.281236, 0.4419423, 0.1205297, 0.06026486, 0.5536938, 0.4152704, 0.3132477, 0.06852293, 0.2349358, 0.3132477, 0.06852293, 0.3664618, 0.2127843, 0.09457078, 0.3191764, 0.01182135, 0.4969238, 0.1656413, 0.1656413, 0.2667739, 0.4827337, 0.2159598, 0.01270352, 0.01270352, 0.5061921, 0.3834445, 0.1127778, 0.1278148, 0.01503704, 0.3684074, 0.5347092, 0.007035647, 0.1125703, 0.2040338, 0.1407129, 0.4840741, 0.4840741, 0.1247958, 0.1247958, 0.4991834, 0.2495917, 0.4894721, 0.5063604, 0.4273284, 0.2362875, 0.1357396, 0.03770545, 0.1608766, 0.03971109, 0.1191333, 0.5162442, 0.1985554, 0.1588444, 0.01141758, 0.2968571, 0.3653626, 0.01141758, 0.3196923, 0.4876614, 0.4876614, 0.2490506, 0.2490506, 0.4981013,  0.36769, 0.01500776, 0.1275659, 0.2551319, 0.2401241, 0.6061977, 0.2020659, 0.2020659, 0.6685809, 0.1671452, 0.2564991, 0.4787984, 0.05129983, 0.06839977, 0.1367995, 0.4696342, 0.02471759, 0.06591357, 0.3460463, 0.09887036, 1.008123, 0.01310863, 0.1835208, 0.2228467, 0.1966294, 0.3801502, 0.9733162, 0.501545, 0.1838882, 0.5823126, 0.03064803, 0.0919441, 0.0919441, 0.2460459, 0.4920919, 0.2460459, 0.6757023, 0.1022102, 0.1393775, 0.2880468, 0.3995488, 0.07433467, 0.9873995, 0.2229809, 0.05574523, 0.6131975, 0.05574523, 0.05574523, 0.07550842, 0.07550842, 0.528559, 0.2265253, 1.012509, 0.3243767, 0.6487534, 0.2865064, 0.5730128, 0.1432532, 0.604695, 0.201565, 0.07575337, 0.06493146, 0.2813697, 0.3354792, 0.2489039, 1.005528, 0.9912493, 0.07625962, 0.3050385, 0.02541987, 0.406718, 0.1779391, 0.223411, 0.3649047, 0.1489407, 0.1563877, 0.1042585, 0.9935225, 0.9762083, 0.1645164, 0.274194, 0.05483879, 0.4935491, 0.02193552, 1.013705, 0.09196777, 0.3678711, 0.4598388, 0.04598388, 0.3425706, 0.4030242, 0.005037802, 0.1259451, 0.1209073, 0.5749947, 0.2395811, 0.04791623, 0.09583245, 0.5647061, 0.1254902, 0.06274512, 0.06274512, 0.1882354, 0.9937888, 1.010812, 0.1543434, 0.2315152, 0.01286195, 0.4244445, 0.1800674, 1.009019, 0.2337939, 0.5455192, 0.07793131, 0.07793131, 0.1945927, 0.6226967, 0.03891854, 0.1556742, 0.3185623, 0.1830039, 0.1355584, 0.1152247, 0.2440052, 0.6054527, 0.1210905, 0.161454, 0.08072702, 0.08072702, 0.1292297, 0.6646097, 0.09230691, 0.1292297, 0.01846138, 0.5041158, 0.5041158, 0.2067556, 0.3202686, 0.2189177, 0.04864839, 0.2108097, 0.4548499, 0.3191929, 0.135657, 0.03989911, 0.04787893, 0.6310447, 0.06310447, 0.1262089, 0.1262089, 0.7581687, 0.2527229, 0.3805466, 0.3711889, 0.003119234, 0.2433003, 0.1505102, 0.279519, 0.02150146, 0.2150146, 0.3440234, 0.4510744, 0.1462944, 0.1056571, 0.2255372, 0.07111533, 1.012373, 0.5057433, 0.4517935, 0.4056921, 0.04610138, 0.0368811, 0.06454193, 0.5021536, 0.0470769, 0.2353845, 0.1098461, 0.09415379, 0.357293, 0.1738182, 0.2993536, 0.0289697, 0.1448485, 0.2647886,  0.11149, 0.1811712, 0.08361747, 0.3484061, 0.3937661, 0.09844152, 0.4922076, 0.1409545, 0.2466704, 0.07047727, 0.1761932, 0.387625, 0.1672202, 0.05280636, 0.4136499, 0.2288276, 0.1320159, 0.2726359, 0.136318, 0.136318, 0.4089539, 1.004205, 0.09277589, 0.1159699, 0.3711036, 0.3711036, 0.02319397, 0.08462611, 0.7193219, 0.08462611, 0.08462611, 0.04231305, 0.4099019, 0.1680598, 0.03689117, 0.1024755, 0.2828323, 0.3182506, 0.08840294, 0.3889729, 0.212167, 0.9843311, 0.654606, 0.327303, 0.9956056, 0.00553107, 0.3263331, 0.3761128, 0.2101807, 0.08296605, 0.503526, 0.503526, 0.07767127, 0.1553425, 0.3495207, 0.1359247, 0.2718494, 0.06498525, 0.519882, 0.1299705, 0.2274484, 0.03249262, 0.1493127, 0.2401988, 0.2337069, 0.1947557, 0.181772, 0.1836399, 0.2838071, 0.1919871, 0.2671125, 0.0751254, 1.012349, 0.3521935, 0.3476782, 0.1128825, 0.02709181, 0.1625509, 0.2140657, 0.08562629, 0.4709446, 0.2568789, 0.9978673, 0.3992569, 0.02957459, 0.06654282, 0.2661713, 0.2439903, 0.5043171, 0.6753732, 0.3376866, 0.3780497, 0.3704888, 0.1209759, 0.1209759, 0.007560995, 1.010064, 0.9794793, 0.4993654, 0.4948623, 0.4948623, 0.06976213, 0.1255718, 0.3906679, 0.1674291, 0.2511437, 0.4682795, 0.2371036, 0.1363345, 0.02371036, 0.1363345, 0.5070177, 1.000184, 0.4574796, 0.01039726, 0.1663562, 0.2495344, 0.1143699, 0.3502143, 0.2241371, 0.1681029, 0.07004286,  0.19612, 0.3220221, 0.6440442, 0.990391, 0.2855622, 0.4283433, 0.09518741, 0.01586457, 0.1745103, 0.2252873, 0.5632183, 0.05632183, 0.1126437, 0.02816092, 0.195856, 0.3357531, 0.08953416, 0.07834239, 0.3021778, 0.9781271, 0.6055368, 0.2018456, 0.2018456, 0.09901674, 0.2430411, 0.1710289, 0.3600609, 0.1215205, 0.3057893, 0.1189181, 0.1274122, 0.2548244, 0.1953654, 1.009583, 0.9919071, 0.9777306, 0.1874614, 0.3645902, 0.0221411, 0.3321166, 0.09299264, 0.307141, 0.0903356, 0.07226848, 0.4336109, 0.0903356, 0.552027, 0.3220158, 0.0920045, 0.04600225, 1.009365, 0.1192614, 0.2385229, 0.2236152, 0.372692, 0.04472303, 0.1826159, 0.03652317, 0.1095695, 0.4748012, 0.1826159, 0.02283359, 0.502339, 0.1826687, 0.1598351, 0.114168, 0.3620359, 0.1016241, 0.2032482, 0.1143271, 0.2159512, 0.5068359, 0.07508737, 0.4129805, 0.09385921, 0.09385921, 0.3191213, 1.012808, 0.9925166, 1.006983, 0.202403, 0.5172521, 0.1799138, 0.08995689, 0.5013859, 0.1504158, 0.07520789, 0.05013859, 0.2005544, 0.5080139, 0.9785528, 0.9839313, 0.9751122, 0.3278402, 0.1639201, 0.4917603, 0.9785373, 0.5024083, 0.1113614, 0.7795296, 0.1113614, 0.9816823, 1.018336, 0.1240375, 0.4341313, 0.248075, 0.1860563, 0.1644571, 0.1644571, 0.4933713, 0.1644571, 0.5476039, 0.1493465, 0.09956435, 0.1617921, 0.04978218, 0.241578, 0.7247339, 0.08883271, 0.08883271, 0.08883271, 0.2664981, 0.4441635, 0.142784, 0.5711361, 0.142784, 0.4912991, 0.4912991, 0.1577252, 0.1656115, 0.2681328, 0.1971565, 0.212929, 0.732315, 0.244105, 0.9848352, 1.009886, 0.6138938, 0.2402193, 0.0800731, 0.05338207, 0.02669103, 0.3989453, 0.2030994, 0.2466208, 0.09429617, 0.05802841, 0.1291074, 0.215179, 0.215179, 0.04303579, 0.3873221, 0.7567793, 0.4402333, 0.174259, 0.2384597, 0.1375729, 0.3124421, 0.3946637, 0.1479989, 0.1068881, 0.04933297, 0.3888382, 0.04486594, 0.2691957, 0.2766733, 0.02243297, 0.3348469, 0.6696938, 0.1997453, 0.599236, 0.1997453, 0.5908691, 0.1846466, 0.06770376, 0.05539398, 0.09847819, 0.6686994,  1.00984, 1.016157, 0.7054956, 0.1007851, 0.2015702, 0.07106368, 0.03045586, 0.4568379, 0.07106368, 0.3654703, 0.3340612, 0.3413234, 0.2323904, 0.0907775, 0.0036311, 0.3350856, 0.6701713, 0.3098182, 0.1967458, 0.1311639, 0.2284061, 0.1334253, 0.9742216, 1.011491, 0.6075685, 0.2025228, 0.213061, 0.2530099, 0.06658156, 0.3994894, 0.06658156, 0.6751243, 0.1687811, 0.3309619, 0.6619237, 0.4676742, 0.2638162, 0.04796658, 0.08394152, 0.1199165, 0.5232749, 0.1962281, 0.143083, 0.06132127, 0.07358553, 0.2460509, 0.4921017, 0.2460509, 1.009279,  0.10799, 0.3239701, 0.5399502, 0.160879, 0.160879, 0.3619779, 0.08043952, 0.2312636, 0.04525539, 0.5430646, 0.09051077, 0.3620431, 0.234861, 0.0939444, 0.2630443, 0.2912276, 0.1127333, 0.1451086, 0.02720786, 0.5260187, 0.2630093, 0.03930025, 0.1520108, 0.4496985, 0.1393432, 0.07917227, 0.1805128, 0.0411813, 0.5147663, 0.2882691, 0.08236261, 0.08236261, 0.143094, 0.214641, 0.4292821, 0.143094, 0.07154702, 0.02884455, 0.1538376, 0.3269049, 0.3028678, 0.1826822, 0.02339836, 0.257382, 0.02339836, 0.3275771, 0.3509755, 0.5718342, 0.04304129, 0.2582477, 0.07993382, 0.04304129, 0.5265734, 0.0315944, 0.08425174, 0.2738181, 0.08425174, 0.5775427, 0.2887714, 0.1443857, 0.1155717, 0.1708451, 0.1959694, 0.281392, 0.2361683, 0.1847073, 0.1436612, 0.5130759, 0.1231382, 0.02052303, 0.3086906, 0.1080417, 0.3704287, 0.1697798, 0.04630359, 1.011699, 0.1728946, 0.04322366, 0.3457893, 0.4322366, 0.04322366, 0.7609927, 0.1521985, 0.05073285, 0.05073285, 0.05073285, 0.3259464, 0.6518928, 0.9806104, 0.2983791, 0.357361, 0.07632954, 0.03816477, 0.2289886, 0.243623, 0.4872461, 0.163041, 0.2717351, 0.3260821, 0.0108694, 0.2173881, 0.1085788, 0.1085788, 0.4343152, 0.3257364, 0.09526392, 0.1769187, 0.3810557, 0.06804565, 0.2721826, 0.2297573, 0.1276429, 0.3403812, 0.05105718, 0.2467764, 0.506397, 0.2531985, 0.5007965, 0.01444605, 0.1589066, 0.2841057, 0.04815351, 0.1165411, 0.5050113, 0.1010023, 0.02330821, 0.2563903, 0.6675035, 0.1112506, 0.2225012, 0.316519, 0.3630659, 0.2885908, 0.02792814, 0.009309381, 0.9769158, 0.3772808, 0.3577663, 0.01300968, 0.1821356, 0.07155326,  1.01346, 0.333866, 0.667732, 0.9776467, 0.9795386,  1.00489, 0.9791458, 0.6623801, 0.165595, 0.165595, 0.4942064, 0.9930324,  1.01483, 0.4091851,  0.27279, 0.01136625, 0.03409876,  0.27279, 0.2728374, 0.4774655, 0.01705234, 0.2216804 ] 
},
"R":       30,
"lambda.step":     0.01,
"plot.opts": {
 "xlab": "PC1",
"ylab": "PC2" 
},
"topic.order": [ 1, 5, 2, 4, 3 ] 
}